{
  "version": 3,
  "name": "Fruit Sorbet",
  "id": "fruit_sorbet",
  "brightness": "light",
  "colors": {
    "coin": {
      "bitcoin": "0xFFFCC17B",
      "litecoin": "0xFF7FA6E1",
      "bitcoincash": "0xFF7BCFB8",
      "firo": "0xFFFF897A",
      "dogecoin": "0xFFFFE079",
      "eCash": "0xFF0074C2",
      "epicCash": "0xFFC5C7CB",
      "ethereum": "0xFFA7ADE9",
      "monero": "0xFFFF9E6B",
      "namecoin": "0xFF91B1E1",
      "wownero": "0xFFED80C1",
      "particl": "0xFF8175BD",
      "nano": "0xFF8175BD",
      "banano": "0xFFFBDD11"
    },
    "background": "0x00000000",
    "background_app_bar": "0x00000000",
    "overlay": "0xFF111215",
    "accent_color_blue": "0xFF1276EB",
    "accent_color_green": "0xFF00A578",
    "accent_color_yellow": "0xFFFDC800",
    "accent_color_red": "0xFFDD5869",
    "accent_color_orange": "0xFFF8894B",
    "accent_color_dark": "0xFFF95369",
    "shadow": "0x0F2D3132",
    "text_dark_one": "0xFF232323",
    "text_dark_two": "0xFF333333",
    "text_dark_three": "0xFF696B6C",
    "text_white": "0xFFFFFFFF",
    "text_favorite": "0xFF232323",
    "text_error": "0xFFA8000C",
    "text_restore": "0xFF111215",
    "text_subtitle_one": "0xFF7E8284",
    "text_subtitle_two": "0xFF8E9192",
    "text_subtitle_three": "0xFFB0B2B2",
    "text_subtitle_four": "0xFFD1D3D3",
    "text_subtitle_five": "0xFFDEDFE1",
    "text_subtitle_six": "0xFFF1F1F1",
    "button_back_primary": "0xFFF95369",
    "button_back_secondary": "0xFFFDCBD2",
    "button_back_primary_disabled": "0xFFFDC3CB",
    "button_back_secondary_disabled": "0xFFFEEAED",
    "button_back_border": "0xFFF95369",
    "button_back_border_disabled": "0xFFFCA7B3",
    "button_back_border_secondary": "0xFFF95369",
    "button_back_border_secondary_disabled": "0xFFFEEAED",
    "number_back_default": "0xFFFFF8EE",
    "numpad_back_default": "0xFFF95369",
    "bottom_nav_back": "0xFFFFFFFF",
    "button_text_primary": "0xFFFFFFFF",
    "button_text_secondary": "0xFF9D3241",
    "button_text_primary_disabled": "0xFFFFFFFF",
    "button_text_secondary_disabled": "0xFFD8ADB3",
    "button_text_border": "0xFFF95369",
    "button_text_disabled": "0xFFFFFFFF",
    "button_text_borderless": "0xFFF95369",
    "button_text_borderless_disabled": "0xFFFFFFFF",
    "number_text_default": "0xFF232323",
    "numpad_text_default": "0xFFFFFFFF",
    "bottom_nav_text": "0xFFD12B41",
    "custom_text_button_enabled_text": "0xFFF95369",
    "custom_text_button_disabled_text": "0xFF7E8284",
    "switch_bg_on": "0xFFF95369",
    "switch_bg_off": "0xFFFCADB2",
    "switch_bg_disabled": "0xFFC5C6C9",
    "switch_circle_on": "0xFFFFEEF0",
    "switch_circle_off": "0xFFFFFCF5",
    "switch_circle_disabled": "0xFFFFFCF5",
    "step_indicator_bg_check": "0xFFFFC6AE",
    "step_indicator_bg_number": "0xFFFFC6AE",
    "step_indicator_bg_inactive": "0xFFBFBFBF",
    "step_indicator_bg_lines": "0xFFF39774",
    "step_indicator_bg_lines_inactive": "0xFFB3B3B3",
    "step_indicator_icon_text": "0xFFE12F09",
    "step_indicator_icon_number": "0xFFE12F09",
    "step_indicator_icon_inactive": "0xFFFFCFBA",
    "checkbox_bg_checked": "0xFFF95369",
    "checkbox_border_empty": "0xFF8C8F90",
    "checkbox_bg_disabled": "0xFFFDB0AE",
    "checkbox_icon_checked": "0xFFFFFFFF",
    "checkbox_icon_disabled": "0xFFFFFFFF",
    "checkbox_text_label": "0xFF232323",
    "snack_bar_back_success": "0xFFB7F0CC",
    "snack_bar_back_error": "0xFFFCBDBA",
    "snack_bar_back_info": "0xFFDAE2FF",
    "snack_bar_text_success": "0xFF2E7356",
    "snack_bar_text_error": "0xFFBC0D20",
    "snack_bar_text_info": "0xFF143E8C",
    "bottom_nav_icon_back": "0xFFFDBAC3",
    "bottom_nav_icon_icon": "0xFFD12B41",
    "bottom_nav_icon_icon_highlighted": "0xFF0A6CE1",
    "top_nav_icon_primary": "0xFFF95369",
    "top_nav_icon_green": "0xFF00A578",
    "top_nav_icon_yellow": "0xFFF8894B",
    "top_nav_icon_red": "0xFFD91B1B",
    "settings_icon_back": "0xFFFED7CA",
    "settings_icon_icon": "0xFFF95369",
    "settings_icon_back_two": "0xFF80D2BB",
    "settings_icon_element": "0xFF00A578",
    "text_field_active_bg": "0xFFF7EEE1",
    "text_field_default_bg": "0xFFFFF8EE",
    "text_field_error_bg": "0xFFFCBDBA",
    "text_field_success_bg": "0xFFB7F0CC",
    "text_field_error_border": "0xFFFCBDBA",
    "text_field_success_border": "0xFFB7F0CC",
    "text_field_active_search_icon_left": "0xFF86898C",
    "text_field_default_search_icon_left": "0xFF9A9DA0",
    "text_field_error_search_icon_left": "0xFFBC0D20",
    "text_field_success_search_icon_left": "0xFF387D60",
    "text_field_active_text": "0xFF232323",
    "text_field_default_text": "0xFF86898C",
    "text_field_error_text": "0xFF232323",
    "text_field_success_text": "0xFF232323",
    "text_field_active_label": "0xFF86898C",
    "text_field_error_label": "0xFFBC0D20",
    "text_field_success_label": "0xFF387D60",
    "text_field_active_search_icon_right": "0xFFF95369",
    "text_field_default_search_icon_right": "0xFFF95369",
    "text_field_error_search_icon_right": "0xFFBC0D20",
    "text_field_success_search_icon_right": "0xFF387D60",
    "settings_item_level_two_active_bg": "0xFFFFFFFF",
    "settings_item_level_two_active_text": "0xFF232323",
    "settings_item_level_two_active_sub": "0xFFFED7CA",
    "radio_button_icon_border": "0xFFF95369",
    "radio_button_icon_border_disabled": "0xFF8C8D97",
    "radio_button_border_enabled": "0xFFF95369",
    "radio_button_border_disabled": "0xFF8C8D97",
    "radio_button_icon_circle": "0xFFF95369",
    "radio_button_icon_enabled": "0xFFF95369",
    "radio_button_text_enabled": "0xFF42444B",
    "radio_button_text_disabled": "0xFF42444B",
    "radio_button_label_enabled": "0xFF8C8F90",
    "radio_button_label_disabled": "0xFF8C8F90",
    "info_item_bg": "0xFFFFF8EE",
    "info_item_label": "0xFF838788",
    "info_item_text": "0xFF232323",
    "info_item_icons": "0xFF0A6CE1",
    "popup_bg": "0xFFFFF8EE",
    "currency_list_item_bg": "0xFFFFEBE0",
    "sw_bg": "0xFFFFFFFF",
    "sw_mid": "0xFF666666",
    "sw_bottom": "0xFF232323",
    "bottom_nav_shadow": "0xFFFE7160",
    "favorite_star_active": "0xFF0A6CE1",
    "favorite_star_inactive": "0xFFB0B2B2",
    "splash": "0xFF8E9192",
    "highlight": "0xFFA9ACAC",
    "warning_foreground": "0xFF232323",
    "warning_background": "0xFFFCBDBA",
    "loading_overlay_text_color": "0xFFF7F7F7",
    "my_stack_contact_icon_bg": "0xFFFFF8EE",
    "text_confirm_total_amount": "0xFF232323",
    "text_selected_word_table_iterm": "0xFF232323",
    "rate_type_toggle_color_on": "0xFFFFD8CE",
    "rate_type_toggle_color_off": "0xFFFFF8EE",
    "rate_type_toggle_desktop_color_on": "0xFFFFD8CE",
    "rate_type_toggle_desktop_color_off": "0xFFFFF8EE",
    "eth_tag_text": "0xFFFFFFFF",
    "eth_tag_bg": "0xFF4D5798",
    "eth_wallet_tag_text": "0xFF4D5798",
    "eth_wallet_tag_bg": "0xFFEBEFFE",
    "token_summary_text_primary": "0xFF232323",
    "token_summary_text_secondary": "0xFF4D5798",
    "token_summary_bg": "0xFFFFF8EE",
    "token_summary_button_bg": "0xFFFEDED4",
    "token_summary_icon": "0xFFF62A45",
    "box_shadows": {
      "standard": {
        "color": "0x0F2D3132",
        "spread_radius": 3.0,
        "blur_radius": 4.0
      }
    }
  },
  "assets": {
    "bitcoin": "svg/coin_icons/small/Bitcoin.svg",
    "litecoin": "svg/coin_icons/small/Litecoin.svg",
    "bitcoincash": "svg/coin_icons/small/Bitcoincash.svg",
    "dogecoin": "svg/coin_icons/small/Dogecoin.svg",
    "eCash": "svg/coin_icons/small/Ecash.svg",
    "epicCash": "svg/coin_icons/small/EpicCash.svg",
    "ethereum": "svg/coin_icons/small/Ethereum.svg",
    "firo": "svg/coin_icons/small/Firo.svg",
    "monero": "svg/coin_icons/small/Monero.svg",
    "wownero": "svg/coin_icons/small/Wownero.svg",
    "namecoin": "svg/coin_icons/small/Namecoin.svg",
    "particl": "svg/coin_icons/small/Particl.svg",
    "bitcoin_image": "svg/coin_icons/big/bitcoin.svg",
    "litecoin_image": "svg/coin_icons/big/litecoin.svg",
    "bitcoincash_image": "svg/coin_icons/big/bitcoincash.svg",
    "dogecoin_image": "svg/coin_icons/big/doge.svg",
    "ecash_image": "svg/coin_icons/big/ecash.svg",
    "epicCash_image": "svg/coin_icons/big/epic-cash.svg",
    "ethereum_image": "svg/coin_icons/big/ethereum.svg",
    "firo_image": "svg/coin_icons/big/firo.svg",
    "monero_image": "svg/coin_icons/big/monero.svg",
    "wownero_image": "svg/coin_icons/big/wownero.svg",
    "namecoin_image": "svg/coin_icons/big/namecoin.svg",
    "particl_image": "svg/coin_icons/big/particl.svg",
    "bitcoin_image_secondary": "svg/coin_icons/big/bitcoin.svg",
    "litecoin_image_secondary": "svg/coin_icons/big/litecoin.svg",
    "bitcoincash_image_secondary": "svg/coin_icons/big/bitcoincash.svg",
    "dogecoin_image_secondary": "svg/coin_icons/big/doge.svg",
    "ecash_image_secondary": "svg/coin_icons/big/ecash.svg",
    "epicCash_image_secondary": "svg/coin_icons/big/epic-cash.svg",
    "ethereum_image_secondary": "svg/coin_icons/big/ethereum.svg",
    "firo_image_secondary": "svg/coin_icons/big/firo.svg",
    "monero_image_secondary": "svg/coin_icons/big/monero.svg",
    "wownero_image_secondary": "svg/coin_icons/big/wownero.svg",
    "namecoin_image_secondary": "svg/coin_icons/big/namecoin.svg",
    "particl_image_secondary": "svg/coin_icons/big/particl.svg",
    "coins": {
      "icons": {
        "bitcoin": "svg/coin_icons/small/Bitcoin.svg",
        "litecoin": "svg/coin_icons/small/Litecoin.svg",
        "bitcoincash": "svg/coin_icons/small/Bitcoincash.svg",
        "dogecoin": "svg/coin_icons/small/Dogecoin.svg",
        "eCash": "svg/coin_icons/small/Ecash.svg",
        "epicCash": "svg/coin_icons/small/EpicCash.svg",
        "ethereum": "svg/coin_icons/small/Ethereum.svg",
        "firo": "svg/coin_icons/small/Firo.svg",
        "monero": "svg/coin_icons/small/Monero.svg",
        "wownero": "svg/coin_icons/small/Wownero.svg",
        "namecoin": "svg/coin_icons/small/Namecoin.svg",
        "particl": "svg/coin_icons/small/Particl.svg",
        "nano": "svg/coin_icons/small/nano.svg",
        "banano": "svg/coin_icons/small/Banano.svg"
      },
      "images": {
        "bitcoin": "svg/coin_icons/big/bitcoin.svg",
        "litecoin": "svg/coin_icons/big/litecoin.svg",
        "bitcoincash": "svg/coin_icons/big/bitcoincash.svg",
        "dogecoin": "svg/coin_icons/big/doge.svg",
        "eCash": "svg/coin_icons/big/ecash.svg",
        "epicCash": "svg/coin_icons/big/epic-cash.svg",
        "ethereum": "svg/coin_icons/big/ethereum.svg",
        "firo": "svg/coin_icons/big/firo.svg",
        "monero": "svg/coin_icons/big/monero.svg",
        "wownero": "svg/coin_icons/big/wownero.svg",
        "namecoin": "svg/coin_icons/big/namecoin.svg",
        "particl": "svg/coin_icons/big/particl.svg",
        "nano": "svg/coin_icons/big/nano-sorbet.svg",
        "banano": "svg/coin_icons/big/banano.svg"
      },
      "secondaries": {
        "bitcoin": "svg/coin_icons/big/bitcoin.svg",
        "litecoin": "svg/coin_icons/big/litecoin.svg",
        "bitcoincash": "svg/coin_icons/big/bitcoincash.svg",
        "dogecoin": "svg/coin_icons/big/doge.svg",
        "eCash": "svg/coin_icons/big/ecash.svg",
        "epicCash": "svg/coin_icons/big/epic-cash.svg",
        "ethereum": "svg/coin_icons/big/ethereum.svg",
        "firo": "svg/coin_icons/big/firo.svg",
        "monero": "svg/coin_icons/big/monero.svg",
        "wownero": "svg/coin_icons/big/wownero.svg",
        "namecoin": "svg/coin_icons/big/namecoin.svg",
        "particl": "svg/coin_icons/big/particl.svg",
        "nano": "svg/coin_icons/big/nano-sorbet.svg",
        "banano": "svg/coin_icons/big/banano.svg"
      }
    },
    "coin_placeholder": "svg/stack-icon1.svg",
    "background": "svg/bg.svg",
    "bell_new": "svg/bell-new.svg",
    "persona_incognito": "svg/persona-incognito-1.svg",
    "persona_easy": "svg/persona-easy-1.svg",
    "stack": "svg/stack.svg",
    "stack_icon": "svg/stack-icon1.svg",
    "receive": "svg/tx-icon-receive.svg",
    "receive_pending": "svg/tx-icon-receive-pending.svg",
    "receive_cancelled": "svg/tx-icon-receive-failed.svg",
    "send": "svg/tx-icon-send.svg",
    "tx_exchange": "svg/tx-exchange-icon.svg",
    "tx_exchange_pending": "svg/tx-exchange-icon-pending.svg",
    "tx_exchange_failed": "svg/tx-exchange-icon-failed.svg",
    "buy": "svg/buy-coins-icon.svg",
    "exchange": "svg/exchange-2.svg",
    "send_pending": "svg/tx-icon-send-pending.svg",
    "send_cancelled": "svg/tx-icon-send-failed.svg",
    "theme_selector": "svg/fruit-sorbet-theme.svg",
    "theme_preview": "png/fruit-sorbet.png"
  }
}