{
  "version": 2,
  "name": "OLED Black",
  "id": "oled_black",
  "brightness": "dark",
  "colors": {
    "coin": {
      "bitcoin": "0xFFFCC17B",
      "litecoin": "0xFF7FA6E1",
      "bitcoincash": "0xFF7BCFB8",
      "firo": "0xFFFF897A",
      "dogecoin": "0xFFFFE079",
      "eCash": "0xFF0074C2",
      "epicCash": "0xFFC5C7CB",
      "ethereum": "0xFFA7ADE9",
      "monero": "0xFFFF9E6B",
      "namecoin": "0xFF91B1E1",
      "wownero": "0xFFED80C1",
      "particl": "0xFF8175BD"
    },
    "background": "0xFF000000",
    "background_app_bar": "0xFF000000",
    "overlay": "0xFF121212",
    "accent_color_blue": "0xFFF26822",
    "accent_color_green": "0xFF4CC0A0",
    "accent_color_yellow": "0xFFD4A51E",
    "accent_color_red": "0xFFD34E50",
    "accent_color_orange": "0xFFDE7456",
    "accent_color_dark": "0xFFDEDEDE",
    "shadow": "0x0F2D3132",
    "text_dark_one": "0xFFDEDEDE",
    "text_dark_two": "0xFFCCCCCC",
    "text_dark_three": "0xFFB2B2B2",
    "text_white": "0xFF242424",
    "text_favorite": "0xFF232323",
    "text_error": "0xFFCF6679",
    "text_restore": "0xFFDEDEDE",
    "text_subtitle_one": "0xFFB2B2B2",
    "text_subtitle_two": "0xFFA0A0A0",
    "text_subtitle_three": "0xFF878A8A",
    "text_subtitle_four": "0xFF878A8A",
    "text_subtitle_five": "0xFF878A8A",
    "text_subtitle_six": "0xFF878A8A",
    "button_back_primary": "0xFFF26822",
    "button_back_secondary": "0xFF1F1F1F",
    "button_back_primary_disabled": "0xFF491F0A",
    "button_back_secondary_disabled": "0xFF0F0F0F",
    "button_back_border": "0xFFF26822",
    "button_back_border_disabled": "0xFF491F0A",
    "button_back_border_secondary": "0xFF1F1F1F",
    "button_back_border_secondary_disabled": "0xFF0F0F0F",
    "number_back_default": "0xFF242424",
    "numpad_back_default": "0xFFF26822",
    "bottom_nav_back": "0xFF202122",
    "button_text_primary": "0xFF000000",
    "button_text_secondary": "0xFFDEDEDE",
    "button_text_primary_disabled": "0xFF000000",
    "button_text_secondary_disabled": "0xFF6F6F6F",
    "button_text_border": "0xFFF26822",
    "button_text_disabled": "0xFF000000",
    "button_text_borderless": "0xFFF26822",
    "button_text_borderless_disabled": "0xFF491F0A",
    "number_text_default": "0xFFD3D3D3",
    "numpad_text_default": "0xFF000000",
    "bottom_nav_text": "0xFFDEDEDE",
    "custom_text_button_enabled_text": "0xFFF26822",
    "custom_text_button_disabled_text": "0xFFB2B2B2",
    "switch_bg_on": "0xFFF26822",
    "switch_bg_off": "0xFF403F3F",
    "switch_bg_disabled": "0xFF333538",
    "switch_circle_on": "0xFFFFE8DC",
    "switch_circle_off": "0xFFFAF6F3",
    "switch_circle_disabled": "0xFF848484",
    "step_indicator_bg_check": "0xFFF26822",
    "step_indicator_bg_number": "0xFFF26822",
    "step_indicator_bg_inactive": "0xFF3B3F46",
    "step_indicator_bg_lines": "0xFFF26822",
    "step_indicator_bg_lines_inactive": "0xFF63676E",
    "step_indicator_icon_text": "0xFF000000",
    "step_indicator_icon_number": "0xFF000000",
    "step_indicator_icon_inactive": "0xFFAFAFAF",
    "checkbox_bg_checked": "0xFFF26822",
    "checkbox_border_empty": "0xFF66696A",
    "checkbox_bg_disabled": "0xFF783818",
    "checkbox_icon_checked": "0xFF000000",
    "checkbox_icon_disabled": "0xFF000000",
    "checkbox_text_label": "0xFFDEDEDE",
    "snack_bar_back_success": "0xFF1F1F1F",
    "snack_bar_back_error": "0xFF1F1F1F",
    "snack_bar_back_info": "0xFF1F1F1F",
    "snack_bar_text_success": "0xFF69C297",
    "snack_bar_text_error": "0xFFCF6679",
    "snack_bar_text_info": "0xFFABAEFF",
    "bottom_nav_icon_back": "0xFF69696A",
    "bottom_nav_icon_icon": "0xFFDEDEDE",
    "bottom_nav_icon_icon_highlighted": "0xFFF26822",
    "top_nav_icon_primary": "0xFFDEDEDE",
    "top_nav_icon_green": "0xFF4CC0A0",
    "top_nav_icon_yellow": "0xFFD4A51E",
    "top_nav_icon_red": "0xFFD34E50",
    "settings_icon_back": "0xFFDEDEDE",
    "settings_icon_icon": "0xFF232323",
    "settings_icon_back_two": "0xFF94D6C4",
    "settings_icon_element": "0xFF4CC0A0",
    "text_field_active_bg": "0xFF3C3C3C",
    "text_field_default_bg": "0xFF171717",
    "text_field_error_bg": "0xFF141414",
    "text_field_success_bg": "0xFF141414",
    "text_field_error_border": "0xFFCF6679",
    "text_field_success_border": "0xFF23CFA1",
    "text_field_active_search_icon_left": "0xFF9C9C9C",
    "text_field_default_search_icon_left": "0xFF979797",
    "text_field_error_search_icon_left": "0xFFCF6679",
    "text_field_success_search_icon_left": "0xFF23CFA1",
    "text_field_active_text": "0xFFC2C2C2",
    "text_field_default_text": "0xFF979797",
    "text_field_error_text": "0xFFCF6679",
    "text_field_success_text": "0xFFDEDEDE",
    "text_field_active_label": "0xFF979797",
    "text_field_error_label": "0xFFCF6679",
    "text_field_success_label": "0xFF69C297",
    "text_field_active_search_icon_right": "0xFF9C9C9C",
    "text_field_default_search_icon_right": "0xFF5D5D5D",
    "text_field_error_search_icon_right": "0xFFCF6679",
    "text_field_success_search_icon_right": "0xFF69C297",
    "settings_item_level_two_active_bg": "0xFF242424",
    "settings_item_level_two_active_text": "0xFFD3D3D3",
    "settings_item_level_two_active_sub": "0xFFB2B2B2",
    "radio_button_icon_border": "0xFFF26822",
    "radio_button_icon_border_disabled": "0xFF7D7D7D",
    "radio_button_border_enabled": "0xFFF26822",
    "radio_button_border_disabled": "0xFF7D7D7D",
    "radio_button_icon_circle": "0xFFF26822",
    "radio_button_icon_enabled": "0xFFF26822",
    "radio_button_text_enabled": "0xFFA8AAB2",
    "radio_button_text_disabled": "0xFFA8AAB2",
    "radio_button_label_enabled": "0xFF878A8A",
    "radio_button_label_disabled": "0xFF878A8A",
    "info_item_bg": "0xFF141414",
    "info_item_label": "0xFFB2B2B2",
    "info_item_text": "0xFFDEDEDE",
    "info_item_icons": "0xFFF26822",
    "popup_bg": "0xFF212121",
    "currency_list_item_bg": "0xFF252525",
    "sw_bg": "0xFF35383D",
    "sw_mid": "0xFF292D34",
    "sw_bottom": "0xFF292D34",
    "bottom_nav_shadow": "0xFF282E33",
    "favorite_star_active": "0xFFD4A51E",
    "favorite_star_inactive": "0xFFA0A0A0",
    "splash": "0xFF7A7D7E",
    "highlight": "0xFF878A8A",
    "warning_foreground": "0xFFCF6679",
    "warning_background": "0xFF1F1F1F",
    "loading_overlay_text_color": "0xFFCFCFCF",
    "my_stack_contact_icon_bg": "0xFF747778",
    "text_confirm_total_amount": "0xFF69C297",
    "text_selected_word_table_iterm": "0xFFF26822",
    "rate_type_toggle_color_on": "0xFF171717",
    "rate_type_toggle_color_off": "0xFF212121",
    "rate_type_toggle_desktop_color_on": "0xFF171717",
    "rate_type_toggle_desktop_color_off": "0xFF1F1F1F",
    "eth_tag_text": "0xFFFFFFFF",
    "eth_tag_bg": "0xFF5761A2",
    "eth_wallet_tag_text": "0xFFDEDEDE",
    "eth_wallet_tag_bg": "0xFF222539",
    "token_summary_text_primary": "0xFFFFFFFF",
    "token_summary_text_secondary": "0xFFC9D0FF",
    "token_summary_bg": "0xFF292D45",
    "token_summary_button_bg": "0xFFC9D0FF",
    "token_summary_icon": "0xFF252C78",
    "box_shadows": {
      "standard": {
        "color": "0x0F2D3132",
        "spread_radius": 3.0,
        "blur_radius": 4.0
      },
      "home_view_button_bar": {
        "color": "0x0F2D3132",
        "spread_radius": 3.0,
        "blur_radius": 4.0
      }
    }
  },
  "assets": {
    "coin_placeholder": "svg/stack-icon1.svg",
    "coins": {
      "icons": {
        "bitcoin": "svg/coin_icons/small/Bitcoin.svg",
        "litecoin": "svg/coin_icons/small/Litecoin.svg",
        "bitcoincash": "svg/coin_icons/small/Bitcoincash.svg",
        "dogecoin": "svg/coin_icons/small/Dogecoin.svg",
        "eCash": "svg/coin_icons/small/Ecash.svg",
        "epicCash": "svg/coin_icons/small/EpicCash.svg",
        "ethereum": "svg/coin_icons/small/Ethereum.svg",
        "firo": "svg/coin_icons/small/Firo.svg",
        "monero": "svg/coin_icons/small/Monero.svg",
        "wownero": "svg/coin_icons/small/Wownero.svg",
        "namecoin": "svg/coin_icons/small/Namecoin.svg",
        "particl": "svg/coin_icons/small/Particl.svg"
      },
      "images": {
        "bitcoin": "svg/coin_icons/big/bitcoin.svg",
        "litecoin": "svg/coin_icons/big/litecoin.svg",
        "bitcoincash": "svg/coin_icons/big/bitcoincash.svg",
        "dogecoin": "svg/coin_icons/big/doge.svg",
        "eCash": "svg/coin_icons/big/ecash.svg",
        "epicCash": "svg/coin_icons/big/epic-cash.svg",
        "ethereum": "svg/coin_icons/big/ethereum.svg",
        "firo": "svg/coin_icons/big/firo.svg",
        "monero": "svg/coin_icons/big/monero.svg",
        "wownero": "svg/coin_icons/big/wownero.svg",
        "namecoin": "svg/coin_icons/big/namecoin.svg",
        "particl": "svg/coin_icons/big/particl.svg"
      },
      "secondaries": {
        "bitcoin": "svg/coin_icons/big/bitcoin.svg",
        "litecoin": "svg/coin_icons/big/litecoin.svg",
        "bitcoincash": "svg/coin_icons/big/bitcoincash.svg",
        "dogecoin": "svg/coin_icons/big/doge.svg",
        "eCash": "svg/coin_icons/big/ecash.svg",
        "epicCash": "svg/coin_icons/big/epic-cash.svg",
        "ethereum": "svg/coin_icons/big/ethereum.svg",
        "firo": "svg/coin_icons/big/firo.svg",
        "monero": "svg/coin_icons/big/monero.svg",
        "wownero": "svg/coin_icons/big/wownero.svg",
        "namecoin": "svg/coin_icons/big/namecoin.svg",
        "particl": "svg/coin_icons/big/particl.svg"
      }
    },
    "bell_new": "svg/bell-new.svg",
    "persona_incognito": "svg/persona-incognito-1.svg",
    "persona_easy": "svg/persona-easy-1.svg",
    "stack": "svg/stack.svg",
    "stack_icon": "svg/stack-icon1.svg",
    "receive": "svg/tx-icon-receive.svg",
    "receive_pending": "svg/tx-icon-receive-pending.svg",
    "receive_cancelled": "svg/tx-icon-receive-failed.svg",
    "send": "svg/tx-icon-send.svg",
    "tx_exchange": "svg/tx-exchange-icon.svg",  
    "tx_exchange_pending": "svg/tx-exchange-icon-pending.svg",  
    "tx_exchange_failed": "svg/tx-exchange-icon-failed.svg", 
    "buy": "svg/buy-coins-icon.svg",
    "exchange": "svg/exchange-2.svg",
    "send_pending": "svg/tx-icon-send-pending.svg",
    "send_cancelled": "svg/tx-icon-send-failed.svg",
    "theme_selector": "svg/oled-black-theme.svg",
    "theme_preview": "png/orange-dark-theme.png"
  }
}
