{
  "version": 2,
  "name": "OceanBreeze",
  "id": "ocean_breeze",
  "brightness": "light",
  "colors": {
    "coin": {
      "bitcoin": "0xFFFCC17B",
      "litecoin": "0xFF7FA6E1",
      "bitcoincash": "0xFF7BCFB8",
      "firo": "0xFFFF897A",
      "dogecoin": "0xFFFFE079",
      "eCash": "0xFF0074C2",
      "epicCash": "0xFFC5C7CB",
      "ethereum": "0xFFA7ADE9",
      "monero": "0xFFFF9E6B",
      "namecoin": "0xFF91B1E1",
      "wownero": "0xFFED80C1",
      "particl": "0xFF8175BD"
    },
    "background": "0x00000000",
    "background_app_bar": "0xFFF3F7FA",
    "gradients": {
      "background": {
        "type": "Linear",
        "begin": {
          "x": 0.0,
          "y": -1.0
        },
        "end": {
          "x": 0.0,
          "y": 1.0
        },
        "colors": [
          "0xFFF3F7FA",
          "0xFFE8F2F9"
        ]
      }
    },
    "overlay": "0xFF111215",
    "accent_color_blue": "0xFF077CBE",
    "accent_color_green": "0xFF00A591",
    "accent_color_yellow": "0xFFF4C517",
    "accent_color_red": "0xFFD1382D",
    "accent_color_orange": "0xFFFF985F",
    "accent_color_dark": "0xFF227386",
    "shadow": "0x0F2D3132",
    "text_dark_one": "0xFF232323",
    "text_dark_two": "0xFF333333",
    "text_dark_three": "0xFF696B6C",
    "text_white": "0xFFFFFFFF",
    "text_favorite": "0xFF232323",
    "text_error": "0xFF8D0006",
    "text_restore": "0xFF111215",
    "text_subtitle_one": "0xFF7E8284",
    "text_subtitle_two": "0xFF919393",
    "text_subtitle_three": "0xFFB0B2B2",
    "text_subtitle_four": "0xFFD1D3D3",
    "text_subtitle_five": "0xFFDEDFE1",
    "text_subtitle_six": "0xFFF1F1F1",
    "button_back_primary": "0xFF227386",
    "button_back_secondary": "0xFFC2DAE2",
    "button_back_primary_disabled": "0xFFBDD5DB",
    "button_back_secondary_disabled": "0xFFBDBDBD",
    "button_back_border": "0xFF227386",
    "button_back_border_disabled": "0xFFBDD5DB",
    "button_back_border_secondary": "0xFFC2DAE2",
    "button_back_border_secondary_disabled": "0xFFBDBDBD",
    "number_back_default": "0xFFFFFFFF",
    "numpad_back_default": "0xFF227386",
    "bottom_nav_back": "0xFFFFFFFF",
    "button_text_primary": "0xFFFFFFFF",
    "button_text_secondary": "0xFF227386",
    "button_text_primary_disabled": "0xFFFFFFFF",
    "button_text_secondary_disabled": "0xFFBDD5DB",
    "button_text_border": "0xFF227386",
    "button_text_disabled": "0xFFFFFFFF",
    "button_text_borderless": "0xFF056EC6",
    "button_text_borderless_disabled": "0xFFB6B6B6",
    "number_text_default": "0xFF232323",
    "numpad_text_default": "0xFFFFFFFF",
    "bottom_nav_text": "0xFF227386",
    "custom_text_button_enabled_text": "0xFF056EC6",
    "custom_text_button_disabled_text": "0xFF7E8284",
    "switch_bg_on": "0xFF056EC6",
    "switch_bg_off": "0xFFCCDBF9",
    "switch_bg_disabled": "0xFFC5C6C9",
    "switch_circle_on": "0xFFDAE2FF",
    "switch_circle_off": "0xFFFBFCFF",
    "switch_circle_disabled": "0xFFFBFCFF",
    "step_indicator_bg_check": "0xFFCDD9FF",
    "step_indicator_bg_number": "0xFFCDD9FF",
    "step_indicator_bg_inactive": "0xFFA6C7D1",
    "step_indicator_bg_lines": "0xFF90B8DC",
    "step_indicator_bg_lines_inactive": "0xFFBCD4EA",
    "step_indicator_icon_text": "0xFF005BAF",
    "step_indicator_icon_number": "0xFF005BAF",
    "step_indicator_icon_inactive": "0xFFD4DFFF",
    "checkbox_bg_checked": "0xFF056EC6",
    "checkbox_border_empty": "0xFF8C8F90",
    "checkbox_bg_disabled": "0xFFB0C9ED",
    "checkbox_icon_checked": "0xFFFFFFFF",
    "checkbox_icon_disabled": "0xFFFFFFFF",
    "checkbox_text_label": "0xFF232323",
    "snack_bar_back_success": "0xFFADD6D2",
    "snack_bar_back_error": "0xFFF6C7C3",
    "snack_bar_back_info": "0xFFCCD7FF",
    "snack_bar_text_success": "0xFF075547",
    "snack_bar_text_error": "0xFF8D0006",
    "snack_bar_text_info": "0xFF002569",
    "bottom_nav_icon_back": "0xFFA7C7CF",
    "bottom_nav_icon_icon": "0xFF227386",
    "bottom_nav_icon_icon_highlighted": "0xFF056EC6",
    "top_nav_icon_primary": "0xFF227386",
    "top_nav_icon_green": "0xFF00A591",
    "top_nav_icon_yellow": "0xFFFDD33A",
    "top_nav_icon_red": "0xFFEA4649",
    "settings_icon_back": "0xFFE0E3E3",
    "settings_icon_icon": "0xFF232323",
    "settings_icon_back_two": "0xFF80D2C8",
    "settings_icon_element": "0xFF00A591",
    "text_field_active_bg": "0xFFD3E3E7",
    "text_field_default_bg": "0xFFD8E7EB",
    "text_field_error_bg": "0xFFF6C7C3",
    "text_field_success_bg": "0xFFADD6D2",
    "text_field_error_border": "0xFFF6C7C3",
    "text_field_success_border": "0xFFADD6D2",
    "text_field_active_search_icon_left": "0xFF86898C",
    "text_field_default_search_icon_left": "0xFF86898C",
    "text_field_error_search_icon_left": "0xFF8D0006",
    "text_field_success_search_icon_left": "0xFF006C4D",
    "text_field_active_text": "0xFF232323",
    "text_field_default_text": "0xFF86898C",
    "text_field_error_text": "0xFF000000",
    "text_field_success_text": "0xFF000000",
    "text_field_active_label": "0xFF86898C",
    "text_field_error_label": "0xFF8D0006",
    "text_field_success_label": "0xFF077C6E",
    "text_field_active_search_icon_right": "0xFF388192",
    "text_field_default_search_icon_right": "0xFF388192",
    "text_field_error_search_icon_right": "0xFF8D0006",
    "text_field_success_search_icon_right": "0xFF077C6E",
    "settings_item_level_two_active_bg": "0xFFFFFFFF",
    "settings_item_level_two_active_text": "0xFF232323",
    "settings_item_level_two_active_sub": "0xFF8C8F90",
    "radio_button_icon_border": "0xFF056EC6",
    "radio_button_icon_border_disabled": "0xFF8C8D97",
    "radio_button_border_enabled": "0xFF056EC6",
    "radio_button_border_disabled": "0xFF8C8D97",
    "radio_button_icon_circle": "0xFF056EC6",
    "radio_button_icon_enabled": "0xFF056EC6",
    "radio_button_text_enabled": "0xFF42444B",
    "radio_button_text_disabled": "0xFF42444B",
    "radio_button_label_enabled": "0xFF8C8F90",
    "radio_button_label_disabled": "0xFF8C8F90",
    "info_item_bg": "0xFFFFFFFF",
    "info_item_label": "0xFF838788",
    "info_item_text": "0xFF232323",
    "info_item_icons": "0xFF056EC6",
    "popup_bg": "0xFFFFFFFF",
    "currency_list_item_bg": "0xFFF0F5F7",
    "sw_bg": "0xFFFFFFFF",
    "sw_mid": "0xFFFFFFFF",
    "sw_bottom": "0xFF232323",
    "bottom_nav_shadow": "0xFF388192",
    "favorite_star_active": "0xFFF4C517",
    "favorite_star_inactive": "0xFFB0B2B2",
    "splash": "0xFF8E9192",
    "highlight": "0xFFA9ACAC",
    "warning_foreground": "0xFF232323",
    "warning_background": "0xFFF6C7C3",
    "loading_overlay_text_color": "0xFFF7F7F7",
    "my_stack_contact_icon_bg": "0xFFD8E7EB",
    "text_confirm_total_amount": "0xFF232323",
    "text_selected_word_table_iterm": "0xFF232323",
    "rate_type_toggle_color_on": "0xFFD8E7EB",
    "rate_type_toggle_color_off": "0xFFFFFFFF",
    "rate_type_toggle_desktop_color_on": "0xFFD8E7EB",
    "rate_type_toggle_desktop_color_off": "0xFFC2DAE2",
    "eth_tag_text": "0xFFFFFFFF",
    "eth_tag_bg": "0xFF4D5798",
    "eth_wallet_tag_text": "0xFF4D5798",
    "eth_wallet_tag_bg": "0xFFEBEFFE",
    "token_summary_text_primary": "0xFF232323",
    "token_summary_text_secondary": "0xFF4D5798",
    "token_summary_bg": "0xFFFFFFFF",
    "token_summary_button_bg": "0xFFEDF4F9",
    "token_summary_icon": "0xFF197287",
    "box_shadows": {
      "standard": {
        "color": "0x0F2D3132",
        "spread_radius": 3.0,
        "blur_radius": 4.0
      },
      "home_view_button_bar": {
        "color": "0x0F2D3132",
        "spread_radius": 3.0,
        "blur_radius": 4.0
      }
    }
  },
  "assets": {
    "coin_placeholder": "svg/stack-icon1.svg",
    "coins": {
      "icons": {
        "bitcoin": "svg/coin_icons/small/Bitcoin.svg",
        "litecoin": "svg/coin_icons/small/Litecoin.svg",
        "bitcoincash": "svg/coin_icons/small/Bitcoincash.svg",
        "dogecoin": "svg/coin_icons/small/Dogecoin.svg",
        "eCash": "svg/coin_icons/small/Ecash.svg",
        "epicCash": "svg/coin_icons/small/EpicCash.svg",
        "ethereum": "svg/coin_icons/small/Ethereum.svg",
        "firo": "svg/coin_icons/small/Firo.svg",
        "monero": "svg/coin_icons/small/Monero.svg",
        "wownero": "svg/coin_icons/small/Wownero.svg",
        "namecoin": "svg/coin_icons/small/Namecoin.svg",
        "particl": "svg/coin_icons/small/Particl.svg"
      },
      "images": {
        "bitcoin": "svg/coin_icons/big/bitcoin.svg",
        "litecoin": "svg/coin_icons/big/litecoin.svg",
        "bitcoincash": "svg/coin_icons/big/bitcoincash.svg",
        "dogecoin": "svg/coin_icons/big/doge.svg",
        "eCash": "svg/coin_icons/big/ecash.svg",
        "epicCash": "svg/coin_icons/big/epic-cash.svg",
        "ethereum": "svg/coin_icons/big/ethereum.svg",
        "firo": "svg/coin_icons/big/firo.svg",
        "monero": "svg/coin_icons/big/monero.svg",
        "wownero": "svg/coin_icons/big/wownero.svg",
        "namecoin": "svg/coin_icons/big/namecoin.svg",
        "particl": "svg/coin_icons/big/particl.svg"
      },
      "secondaries": {
        "bitcoin": "svg/coin_icons/big/bitcoin.svg",
        "litecoin": "svg/coin_icons/big/litecoin.svg",
        "bitcoincash": "svg/coin_icons/big/bitcoincash.svg",
        "dogecoin": "svg/coin_icons/big/doge.svg",
        "eCash": "svg/coin_icons/big/ecash.svg",
        "epicCash": "svg/coin_icons/big/epic-cash.svg",
        "ethereum": "svg/coin_icons/big/ethereum.svg",
        "firo": "svg/coin_icons/big/firo.svg",
        "monero": "svg/coin_icons/big/monero.svg",
        "wownero": "svg/coin_icons/big/wownero.svg",
        "namecoin": "svg/coin_icons/big/namecoin.svg",
        "particl": "svg/coin_icons/big/particl.svg"
      }
    },
    "background": "svg/bg.svg",
    "bell_new": "svg/bell-new.svg",
    "persona_incognito": "svg/persona-incognito-1.svg",
    "persona_easy": "svg/persona-easy-1.svg",
    "stack": "svg/stack.svg",
    "stack_icon": "svg/stack-icon1.svg",
    "receive": "svg/tx-icon-receive.svg",
    "receive_pending": "svg/tx-icon-receive-pending.svg",
    "receive_cancelled": "svg/tx-icon-receive-failed.svg",
    "send": "svg/tx-icon-send.svg",
    "tx_exchange": "svg/tx-exchange-icon.svg",  
    "tx_exchange_pending": "svg/tx-exchange-icon-pending.svg",  
    "tx_exchange_failed": "svg/tx-exchange-icon-failed.svg", 
    "buy": "svg/buy-coins-icon.svg",
    "exchange": "svg/exchange-2.svg",
    "send_pending": "svg/tx-icon-send-pending.svg",
    "send_cancelled": "svg/tx-icon-send-failed.svg",
    "theme_selector": "svg/ocean-breeze-theme.svg",
    "theme_preview": "png/ocean-breeze.png"
  }
}
