{
  "version": 10,
  "name": "Dark Chan",
  "id": "dark_chan",
  "brightness": "dark",
  "colors": {
    "coin": {
      "bitcoin": "0xFFFCC17B",
      "litecoin": "0xFF7FA6E1",
      "bitcoincash": "0xFF7BCFB8",
      "firo": "0xFFFF897A",
      "dogecoin": "0xFFFFE079",
      "eCash": "0xFF0074C2",
      "epicCash": "0xFFC5C7CB",
      "ethereum": "0xFFA7ADE9",
      "monero": "0xFFFF9E6B",
      "namecoin": "0xFF91B1E1",
      "wownero": "0xFFED80C1",
      "particl": "0xFF8175BD",
      "nano": "0xFF8175BD",
      "banano": "0xFFFBDD11",
      "stellar": "0xFFFBDD11",
      "tezos": "0xFF0F61FF"
    },
    "background": "0xFF2A2D34",
    "background_app_bar": "0xFF2A2D34",
    "overlay": "0xFF111215",
    "accent_color_blue": "0xFF4C86E9",
    "accent_color_green": "0xFF4CC0A0",
    "accent_color_yellow": "0xFFF7D65D",
    "accent_color_red": "0xFFD34E50",
    "accent_color_orange": "0xFFFEA68D",
    "accent_color_dark": "0xFFF3F3F3",
    "shadow": "0x0F2D3132",
    "text_dark_one": "0xFFF3F3F3",
    "text_dark_two": "0xFFDBDBDB",
    "text_dark_three": "0xFFEEEFF1",
    "text_white": "0xFF232323",
    "text_favorite": "0xFF232323",
    "text_error": "0xFFF37475",
    "text_restore": "0xFF111215",
    "text_subtitle_one": "0xFF9E9E9E",
    "text_subtitle_two": "0xFF969696",
    "text_subtitle_three": "0xFFA9ACAC",
    "text_subtitle_four": "0xFF8E9192",
    "text_subtitle_five": "0xFF747778",
    "text_subtitle_six": "0xFF414141",
    "button_back_primary": "0xFF4C86E9",
    "button_back_secondary": "0xFF444E5C",
    "button_back_primary_disabled": "0xFF38517C",
    "button_back_secondary_disabled": "0xFF3B3F46",
    "button_back_border": "0xFF4C86E9",
    "button_back_border_disabled": "0xFF314265",
    "button_back_border_secondary": "0xFF444E5C",
    "button_back_border_secondary_disabled": "0xFF3B3F46",
    "number_back_default": "0xFF484B51",
    "numpad_back_default": "0xFF4C86E9",
    "bottom_nav_back": "0xFF3E4148",
    "button_text_primary": "0xFFFFFFFF",
    "button_text_secondary": "0xFFFFFFFF",
    "button_text_primary_disabled": "0xFFFFFFFF",
    "button_text_secondary_disabled": "0xFF6A6C71",
    "button_text_border": "0xFF4C86E9",
    "button_text_disabled": "0xFF314265",
    "button_text_borderless": "0xFF4C86E9",
    "button_text_borderless_disabled": "0xFFB6B6B6",
    "number_text_default": "0xFFFFFFFF",
    "numpad_text_default": "0xFFFFFFFF",
    "bottom_nav_text": "0xFFFFFFFF",
    "custom_text_button_enabled_text": "0xFF4C86E9",
    "custom_text_button_disabled_text": "0xFF9E9E9E",
    "switch_bg_on": "0xFF4C86E9",
    "switch_bg_off": "0xFFC1D9FF",
    "switch_bg_disabled": "0xFFB5B7BA",
    "switch_circle_on": "0xFFC9DDFF",
    "switch_circle_off": "0xFFFFFFFF",
    "switch_circle_disabled": "0xFFFFFFFF",
    "step_indicator_bg_check": "0xFF4C86E9",
    "step_indicator_bg_number": "0xFF4C86E9",
    "step_indicator_bg_inactive": "0xFF3B3F46",
    "step_indicator_bg_lines": "0xFF4C86E9",
    "step_indicator_bg_lines_inactive": "0xFF3B3F46",
    "step_indicator_icon_text": "0xFFFFFFFF",
    "step_indicator_icon_number": "0xFFFFFFFF",
    "step_indicator_icon_inactive": "0xFF747474",
    "checkbox_bg_checked": "0xFF4C86E9",
    "checkbox_border_empty": "0xFF8E9192",
    "checkbox_bg_disabled": "0xFFADC7EC",
    "checkbox_icon_checked": "0xFFFFFFFF",
    "checkbox_icon_disabled": "0xFFFFFFFF",
    "checkbox_text_label": "0xFFFFFFFF",
    "snack_bar_back_success": "0xFF8EF5C3",
    "snack_bar_back_error": "0xFFFFB4A9",
    "snack_bar_back_info": "0xFFB4C4FF",
    "snack_bar_text_success": "0xFF003921",
    "snack_bar_text_error": "0xFF690001",
    "snack_bar_text_info": "0xFF00297A",
    "bottom_nav_icon_back": "0xFF7F8185",
    "bottom_nav_icon_icon": "0xFFFFFFFF",
    "bottom_nav_icon_icon_highlighted": "0xFF4C86E9",
    "top_nav_icon_primary": "0xFFFFFFFF",
    "top_nav_icon_green": "0xFF4CC0A0",
    "top_nav_icon_yellow": "0xFFF7D65D",
    "top_nav_icon_red": "0xFFD34E50",
    "settings_icon_back": "0xFFE0E3E3",
    "settings_icon_icon": "0xFF232323",
    "settings_icon_back_two": "0xFF94D6C4",
    "settings_icon_element": "0xFF00A578",
    "text_field_active_bg": "0xFF4C5360",
    "text_field_default_bg": "0xFF444953",
    "text_field_error_bg": "0xFFFFB4A9",
    "text_field_success_bg": "0xFF8EF5C3",
    "text_field_error_border": "0xFFFFB4A9",
    "text_field_success_border": "0xFF8EF5C3",
    "text_field_active_search_icon_left": "0xFFA9ACAC",
    "text_field_default_search_icon_left": "0xFFA9ACAC",
    "text_field_error_search_icon_left": "0xFF690001",
    "text_field_success_search_icon_left": "0xFF003921",
    "text_field_active_text": "0xFFFFFFFF",
    "text_field_default_text": "0xFFA9ACAC",
    "text_field_error_text": "0xFF000000",
    "text_field_success_text": "0xFF000000",
    "text_field_active_label": "0xFFA9ACAC",
    "text_field_error_label": "0xFF690001",
    "text_field_success_label": "0xFF003921",
    "text_field_active_search_icon_right": "0xFFC4C7C7",
    "text_field_default_search_icon_right": "0xFF747778",
    "text_field_error_search_icon_right": "0xFF690001",
    "text_field_success_search_icon_right": "0xFF003921",
    "settings_item_level_two_active_bg": "0xFF484B51",
    "settings_item_level_two_active_text": "0xFFFFFFFF",
    "settings_item_level_two_active_sub": "0xFF9E9E9E",
    "radio_button_icon_border": "0xFF4C86E9",
    "radio_button_icon_border_disabled": "0xFF9E9E9E",
    "radio_button_border_enabled": "0xFF4C86E9",
    "radio_button_border_disabled": "0xFFCDCDCD",
    "radio_button_icon_circle": "0xFF9E9E9E",
    "radio_button_icon_enabled": "0xFF4C86E9",
    "radio_button_text_enabled": "0xFF44464E",
    "radio_button_text_disabled": "0xFF44464E",
    "radio_button_label_enabled": "0xFF8E9192",
    "radio_button_label_disabled": "0xFF8E9192",
    "info_item_bg": "0xFF333942",
    "info_item_label": "0xFF9E9E9E",
    "info_item_text": "0xFFFFFFFF",
    "info_item_icons": "0xFF4C86E9",
    "popup_bg": "0xFF333942",
    "currency_list_item_bg": "0xFF484B51",
    "sw_bg": "0xFF35383D",
    "sw_mid": "0xFF292D34",
    "sw_bottom": "0xFFFFFFFF",
    "bottom_nav_shadow": "0xFF282E33",
    "favorite_star_active": "0xFFF7D65D",
    "favorite_star_inactive": "0xFF969696",
    "splash": "0x358E9192",
    "highlight": "0x44A9ACAC",
    "warning_foreground": "0xFF690001",
    "warning_background": "0xFFFFB4A9",
    "loading_overlay_text_color": "0xFFF7F7F7",
    "my_stack_contact_icon_bg": "0x88747778",
    "text_confirm_total_amount": "0xFF003921",
    "text_selected_word_table_iterm": "0xFF00297A",
    "rate_type_toggle_color_on": "0xFF444953",
    "rate_type_toggle_color_off": "0xFF333942",
    "rate_type_toggle_desktop_color_on": "0xFF444953",
    "rate_type_toggle_desktop_color_off": "0xFF444E5C",
    "eth_tag_text": "0xFFFFFFFF",
    "eth_tag_bg": "0xFF5761A2",
    "eth_wallet_tag_text": "0xFFE7EBFF",
    "eth_wallet_tag_bg": "0xFF414868",
    "token_summary_text_primary": "0xFFFFFFFF",
    "token_summary_text_secondary": "0xFFC9D0FF",
    "token_summary_bg": "0xFF464C73",
    "token_summary_button_bg": "0xFFC9D0FF",
    "token_summary_icon": "0xFF252C78",
    "box_shadows": {
      "standard": {
        "color": "0x0F2D3132",
        "spread_radius": 3.0,
        "blur_radius": 4.0
      },
      "home_view_button_bar": {
        "color": "0x0F2D3132",
        "spread_radius": 3.0,
        "blur_radius": 4.0
      }
    }
  },
  "assets": {
    "bitcoin": "svg/coin_icons/small/Bitcoin.svg",
    "litecoin": "svg/coin_icons/small/Litecoin.svg",
    "bitcoincash": "svg/coin_icons/small/Bitcoincash.svg",
    "dogecoin": "svg/coin_icons/small/Dogecoin.svg",
    "eCash": "svg/coin_icons/small/Ecash.svg",
    "epicCash": "svg/coin_icons/small/EpicCash.svg",
    "ethereum": "svg/coin_icons/small/Ethereum.svg",
    "firo": "svg/coin_icons/small/Firo.svg",
    "monero": "svg/coin_icons/small/Monero.svg",
    "wownero": "svg/coin_icons/small/Wownero.svg",
    "namecoin": "svg/coin_icons/small/Namecoin.svg",
    "particl": "svg/coin_icons/small/Particl.svg",
    "bitcoin_image": "gif/coins/bitcoin/plain.gif",
    "litecoin_image": "gif/coins/litecoin/plain.gif",
    "bitcoincash_image": "gif/coins/bitcoincash/plain.gif",
    "dogecoin_image": "gif/coins/dogecoin/plain.gif",
    "ecash_image": "gif/coins/ecash/plain.gif",
    "epicCash_image": "gif/coins/epic-cash/plain.gif",
    "ethereum_image": "gif/coins/ethereum/plain.gif",
    "firo_image": "gif/coins/firo/plain.gif",
    "monero_image": "gif/coins/monero/plain.gif",
    "wownero_image": "gif/coins/wownero/plain.gif",
    "namecoin_image": "gif/coins/namecoin/plain.gif",
    "particl_image": "gif/coins/particl/plain.gif",
    "bitcoin_image_secondary": "gif/coins/bitcoin/kiss.gif",
    "litecoin_image_secondary": "gif/coins/litecoin/kiss.gif",
    "bitcoincash_image_secondary": "gif/coins/bitcoincash/kiss.gif",
    "dogecoin_image_secondary": "gif/coins/dogecoin/kiss.gif",
    "ecash_image_secondary": "gif/coins/ecash/kiss.gif",
    "epicCash_image_secondary": "gif/coins/epic-cash/kiss.gif",
    "ethereum_image_secondary": "gif/coins/ethereum/kiss.gif",
    "firo_image_secondary": "gif/coins/firo/kiss.gif",
    "monero_image_secondary": "gif/coins/monero/kiss.gif",
    "wownero_image_secondary": "gif/coins/wownero/kiss.gif",
    "namecoin_image_secondary": "gif/coins/namecoin/kiss.gif",
    "particl_image_secondary": "gif/coins/particl/kiss.gif",
    "coins": {
      "icons": {
        "bitcoin": "svg/coin_icons/small/Bitcoin.svg",
        "litecoin": "svg/coin_icons/small/Litecoin.svg",
        "bitcoincash": "svg/coin_icons/small/Bitcoincash.svg",
        "dogecoin": "svg/coin_icons/small/Dogecoin.svg",
        "eCash": "svg/coin_icons/small/Ecash.svg",
        "epicCash": "svg/coin_icons/small/EpicCash.svg",
        "ethereum": "svg/coin_icons/small/Ethereum.svg",
        "firo": "svg/coin_icons/small/Firo.svg",
        "monero": "svg/coin_icons/small/Monero.svg",
        "wownero": "svg/coin_icons/small/Wownero.svg",
        "namecoin": "svg/coin_icons/small/Namecoin.svg",
        "particl": "svg/coin_icons/small/Particl.svg",
        "nano": "svg/coin_icons/small/nano.svg",
        "banano": "svg/coin_icons/small/Banano.svg",
        "stellar": "svg/coin_icons/small/Stellar.svg",
        "tezos": "svg/coin_icons/small/Tezos.svg"
      },
      "images": {
        "bitcoin": "gif/coins/bitcoin/plain.gif",
        "litecoin": "gif/coins/litecoin/plain.gif",
        "bitcoincash": "gif/coins/bitcoincash/plain.gif",
        "dogecoin": "gif/coins/dogecoin/plain.gif",
        "eCash": "gif/coins/eCash/plain.gif",
        "epicCash": "gif/coins/epic-cash/plain.gif",
        "ethereum": "gif/coins/ethereum/plain.gif",
        "firo": "gif/coins/firo/plain.gif",
        "monero": "gif/coins/monero/plain.gif",
        "wownero": "gif/coins/wownero/plain.gif",
        "namecoin": "gif/coins/namecoin/plain.gif",
        "particl": "gif/coins/particl/plain.gif",
        "nano": "gif/coins/nano/plain.gif",
        "banano": "gif/coins/banano/plain.gif",
        "stellar": "gif/coins/stellar/plain.gif",
        "tezos": "svg/coin_icons/tezos/plain.gif"
      },
      "secondaries": {
        "bitcoin": "gif/coins/bitcoin/kiss.gif",
        "litecoin": "gif/coins/litecoin/kiss.gif",
        "bitcoincash": "gif/coins/bitcoincash/kiss.gif",
        "dogecoin": "gif/coins/dogecoin/kiss.gif",
        "eCash": "gif/coins/eCash/kiss.gif",
        "epicCash": "gif/coins/epic-cash/kiss.gif",
        "ethereum": "gif/coins/ethereum/kiss.gif",
        "firo": "gif/coins/firo/kiss.gif",
        "monero": "gif/coins/monero/kiss.gif",
        "wownero": "gif/coins/wownero/kiss.gif",
        "namecoin": "gif/coins/namecoin/kiss.gif",
        "particl": "gif/coins/particl/kiss.gif",
        "nano": "gif/coins/nano/kiss.gif",
        "banano": "gif/coins/banano/kiss.gif",
        "stellar": "gif/coins/stellar/kiss.gif",
        "tezos": "svg/coin_icons/tezos/kiss.gif"
      },
      "cards": {
        "banano": "png/wallet/banano.png",
        "bitcoin": "png/wallet/bitcoin.png",
        "bitcoincash": "png/wallet/bitcoincash.png",
        "dogecoin": "png/wallet/doge.png",
        "eCash": "png/wallet/ecash.png",
        "epicCash": "png/wallet/epic.png",
        "ethereum": "png/wallet/ethereum.png",
        "firo": "png/wallet/firo.png",
        "litecoin": "png/wallet/litecoin.png",
        "monero": "png/wallet/monero.png",
        "namecoin": "png/wallet/namecoin.png",
        "nano": "png/wallet/nano.png",
        "particl": "png/wallet/particl.png",
        "stellar": "png/wallet/stellar.png",
        "tezos": "png/wallet/tezos.png",
        "wownero": "png/wallet/wownero.png"
      },
      "favoriteCards": {
        "banano": "png/favorites/banano.png",
        "bitcoin": "png/favorites/bitcoin.png",
        "bitcoincash": "png/favorites/bitcoincash.png",
        "dogecoin": "png/favorites/doge.png",
        "eCash": "png/favorites/ecash.png",
        "epicCash": "png/favorites/epic.png",
        "ethereum": "png/favorites/ethereum.png",
        "firo": "png/favorites/firo.png",
        "litecoin": "png/favorites/litecoin.png",
        "monero": "png/favorites/monero.png",
        "namecoin": "png/favorites/namecoin.png",
        "nano": "png/favorites/nano.png",
        "particl": "png/favorites/particl.png",
        "stellar": "png/favorites/stellar.png",
        "tezos": "png/favorites/tezos.png",
        "wownero": "png/favorites/wownero.png"
      }
  },
    "coin_placeholder": "svg/stack-icon1.svg",
    "bell_new": "svg/bell-new.svg",
    "persona_incognito": "png/chan-persona-incognito.png",
    "persona_easy": "png/chan-persona-easy.png",
    "stack": "svg/stack.svg",
    "stack_icon": "svg/stack-icon1.svg",
    "receive": "svg/tx-icon-receive.svg",
    "receive_pending": "svg/tx-icon-receive-pending.svg",
    "receive_cancelled": "svg/tx-icon-receive-failed.svg",
    "send": "svg/tx-icon-send.svg",
    "tx_exchange": "svg/tx-exchange-icon.svg",
    "tx_exchange_pending": "svg/tx-exchange-icon-pending.svg",
    "tx_exchange_failed": "svg/tx-exchange-icon-failed.svg",
    "buy": "svg/buy-coins-icon.svg",
    "exchange": "svg/exchange-2.svg",
    "send_pending": "svg/tx-icon-send-pending.svg",
    "send_cancelled": "svg/tx-icon-send-failed.svg",
    "theme_selector": "svg/darkChansTheme.svg",
    "theme_preview": "png/darkchans-theme.png",
    "loading_gif": "gif/stacy-plain.gif"
  }
}
